{
  "analysis_date": "2025-08-13T15:11:01.446630",
  "target_pollutant": "AQI",
  "test_set_size": 10541,
  "best_model": "Random Forest",
  "model_comparison": [
    {
      "model": "Random Forest",
      "metrics": {
        "mae": 0.8813935208174474,
        "rmse": 1.665701632601901,
        "mape": 3.593779215801079,
        "r2": 0.971588978711059
      },
      "rank": 1
    },
    {
      "model": "LightGBM",
      "metrics": {
        "mae": 0.9183405981001518,
        "rmse": 1.6798473851275824,
        "mape": 3.742010013556976,
        "r2": 0.9711043759590393
      },
      "rank": 2
    },
    {
      "model": "XGBoost",
      "metrics": {
        "mae": 0.9096262474908187,
        "rmse": 1.686888098513855,
        "mape": 3.6808284597874565,
        "r2": 0.9708616489611875
      },
      "rank": 3
    }
  ],
  "test_data_stats": {
    "min": 8.8,
    "max": 81.240005,
    "mean": 26.128337822550044,
    "std": 9.882672187184866
  }
}