{
  "analysis_date": "2025-08-13T14:41:19.769984",
  "target_pollutant": "AQI",
  "test_set_size": 21082,
  "best_model": "Random Forest",
  "model_comparison": [
    {
      "model": "Random Forest",
      "metrics": {
        "mae": 0.6882797937866856,
        "rmse": 1.345501243110655,
        "mape": 2.546104332986769,
        "r2": 0.9868855915185129
      },
      "rank": 1
    },
    {
      "model": "XGBoost",
      "metrics": {
        "mae": 0.9381157979853407,
        "rmse": 1.666611855440314,
        "mape": 3.424525083531006,
        "r2": 0.9798790058978608
      },
      "rank": 2
    },
    {
      "model": "LightGBM",
      "metrics": {
        "mae": 0.9435184281809461,
        "rmse": 1.6868301434242647,
        "mape": 3.4617737342583124,
        "r2": 0.9793878541685963
      },
      "rank": 3
    }
  ],
  "test_data_stats": {
    "min": 8.8,
    "max": 81.240005,
    "mean": 29.00303809572147,
    "std": 11.749517984169916
  }
}